Temperature,Humidity,Wind_Speed,AQI,AQI_Bucket
27.483570765056164,36.69930329036279,0.4945364737348612,66.21189105330966,Moderate
24.308678494144075,34.18271361337601,0.07482513167639165,74.14786459549761,Moderate
28.23844269050346,55.457209981745464,0.22863603832553245,91.61399371241632,Moderate
32.61514928204013,58.25902905947605,0.8275812868100617,74.72835244975053,Moderate
23.829233126383322,31.26344579302568,3.2449012188512922,36.30361714642416,Good
23.8293152152541,67.4484898497476,1.6974914851826255,79.85886159629958,Moderate
32.896064077536955,32.0788513460589,1.4376182019761252,62.52997254444922,Moderate
28.837173645764544,51.65185341204282,0.6948325140732948,64.54331368522503,Moderate
22.65262807032524,58.36242077803666,5.369264687172432,45.745262935579206,Good
27.712800217929825,64.83876494984342,1.0117260531493366,76.40414575161276,Moderate
22.682911535937688,58.56347728529711,0.18224202023315117,71.9518422070101,Moderate
22.671351232148716,62.069123322791675,1.919787952419908,48.30181227982162,Good
26.20981135783017,43.57800770171224,0.24171188974132582,83.94041050959346,Moderate
15.43359877671101,62.59300454986049,0.8469215548465312,85.00884339186821,Moderate
16.375410837434835,33.204593855387,1.4161640594394922,67.58348319153112,Moderate
22.188562353795135,65.7926662424211,4.146482004597833,48.72281432238657,Good
19.93584439832788,51.90369504614945,1.360645849311906,66.72088612697407,Moderate
26.571236662976368,62.69191079849975,2.4230610241850203,69.91267329781843,Moderate
20.459879622393945,48.092731380732005,9.87203148395622,31.28554570125457,Good
17.938481493323543,55.743107807860994,0.2819503318319631,80.96582631704106,Moderate
32.32824384460777,51.05610643744453,0.6424267660938033,70.92708203528326,Moderate
23.871118497567323,59.263580870213275,1.0036527296729498,75.5163254256185,Moderate
25.33764102343962,33.26519928122358,1.095768371042928,71.74234248702466,Moderate
17.87625906893272,32.41408335962255,1.0587297548125656,77.92692898975795,Moderate
22.278086377374088,39.88412936040586,4.763494765423829,56.33187356793688,Moderate
25.55461294854933,36.381787204527534,2.503755232338851,69.06363334769385,Moderate
19.245032112888488,64.87134266368807,1.8725033352635052,70.55966845852674,Moderate
26.87849009172836,38.76855949432177,0.7403099796587977,85.47285444790177,Moderate
21.996806550405974,69.03461023276526,3.4721619877554226,68.44560436585043,Moderate
23.541531251033618,43.47583167084427,6.204876787596312,35.17825208705282,Good
21.991466938853016,37.28471662754797,3.4429556217301323,69.00007005029215,Moderate
34.26139092254469,61.58794028569916,0.0031326624960834964,92.57044695989197,Moderate
24.93251387631033,56.34831102003504,2.0234093701342424,64.82326318220964,Moderate
19.711445355220498,49.92782865812556,0.10497829499008912,69.51425012610504,Moderate
29.112724560515943,52.214542037505254,0.5957536464449513,80.20771211069241,Moderate
18.895781750144888,58.768071130890554,0.12273978716393262,81.09646123119578,Moderate
26.044317975023777,39.13818965325195,1.851649336257584,67.47829185851162,Moderate
15.201649380601122,69.85335664226967,2.320485530889521,70.0674907629627,Moderate
18.359069755507846,68.99172648587133,0.24317772291362602,95.66073795471101,Moderate
25.984306179345616,56.01302745387748,0.9684935922987209,85.66902488669129,Moderate
28.692332899977053,37.981698037165806,1.2184817715415786,71.55462291608062,Moderate
25.85684140594985,57.209129697251655,0.9210668962374787,84.89893093863786,Moderate
24.421758588058797,32.887936359167036,0.2579976473282346,60.462032929862936,Moderate
23.494481522053555,31.226100088232243,1.0858293283677616,69.66519464512572,Moderate
17.607390048162863,40.30731554044855,2.782035379456148,75.07877628626636,Moderate
21.400778958026457,48.504918269572656,0.14730958101447222,72.33485810088894,Moderate
22.696806145201062,64.73090021633521,0.16715459112951958,71.45556089566264,Moderate
30.285611131094576,59.08676279065232,0.8763008774728607,71.96644112944809,Moderate
26.71809144784231,59.70826084799924,5.685188611055682,41.94925054961864,Good
16.18479922318633,47.01973337792302,2.208693277681835,53.307234155283865,Moderate
26.620419846973974,43.83739970187852,2.2705730233993657,61.40348373115342,Moderate
23.074588597918417,44.84155051938411,0.8985831945796112,56.441173290089964,Moderate
21.615389998470206,69.50598254944231,1.8011339571468923,72.81000331782936,Moderate
28.05838144420434,31.6043676564993,0.02036570750508617,82.431444219393,Moderate
30.154997612479754,64.68125984489794,2.021730619852085,65.29566185897963,Moderate
29.656400595580994,53.14701634289574,4.890301719079625,71.51363584167878,Moderate
20.803912383886807,47.54461676758362,1.8964580877856865,70.290971668566,Moderate
23.453938120743928,59.01030641660546,4.138168226475087,69.04502570921873,Moderate
26.65631715701782,49.466757656988115,2.5745135858143215,58.71727240801237,Moderate
29.877725635611796,64.93692952326643,0.2569362740519941,91.68051257519201,Moderate
22.60412881077355,66.02807456045034,4.654848231963548,46.916906609750995,Good
24.071705116680914,46.86883707493821,0.1375083235802742,84.31143707128564,Moderate
19.46832512996986,41.073111889402064,1.5269996917856938,66.1394910708124,Moderate
19.018966879596647,53.69401314373449,0.3066220204150312,79.61708948069133,Moderate
29.062629111970992,66.49453382466764,0.02355134522896405,72.60597192099245,Moderate
31.781200142854114,38.42648756022666,1.0964813712874752,62.98544106029163,Moderate
24.63994939209833,54.91866334253931,0.6992304383807553,81.27170368944103,Moderate
30.01766448946012,55.26240880370082,1.3310659484463183,65.44874510136671,Moderate
26.80818012523817,59.32452089661124,1.7217115141848147,77.22495168166961,Moderate
21.77440122697438,35.262707405090396,0.08944893251182512,57.347390107852725,Moderate
26.80697802754207,58.63299858728354,0.26250408776936296,88.16261027777597,Moderate
32.690182832329846,66.36130082662564,1.6357996794564933,65.74925011918506,Moderate
24.820869804450243,37.187324354809675,0.8406520323821158,74.88637142355267,Moderate
32.82321827907003,39.501732996955106,2.6125536771229165,71.45566998946698,Moderate
11.901274479551278,68.85580376166558,2.1127824425034203,59.07574797146246,Moderate
29.10951252187612,37.23907810837959,3.7364737989947363,62.86437636932552,Moderate
25.435235341190857,64.17540373478317,2.358513728205395,72.78209278333897,Moderate
23.504963247670663,49.69111425792139,1.1239960172080123,65.6514172532443,Moderate
25.45880388267751,39.88924297612708,2.23538608221123,53.43369758235866,Moderate
15.062155426995536,64.82999605090046,0.6442190399602585,54.13272441224082,Moderate
23.90164056081244,47.81221020010662,0.731470295761989,76.1336323346252,Moderate
26.78556285755873,50.59269415718761,3.1116536317006345,47.36429380381193,Good
32.38947022370758,44.36933477599062,1.1826962578313505,74.5454962499073,Moderate
22.40864890863176,53.7180340573971,3.202744460538693,58.67153020801904,Moderate
20.95753198553406,36.54095490340091,3.4566948684437455,60.94900587595053,Moderate
22.491214782077318,45.64326146607043,3.897701664515891,52.429622513381695,Moderate
29.57701058851037,68.7764928934115,4.969059101986354,57.28167978887595,Moderate
26.643755548298422,40.3253373080451,1.1276977413996185,77.09969730244762,Moderate
22.351198981164806,56.269466581651685,0.7679948482862944,77.5670455144876,Moderate
27.56633716556678,43.00760256898779,1.7454988597001666,71.11951462680668,Moderate
25.4853877467402,60.93892502746402,0.9277963659451799,81.07806544996868,Moderate
29.843224952664446,35.23494642873399,1.8379595221505267,50.946577562128724,Moderate
21.489734530613237,68.79284180314178,2.445535744738922,76.72292788242437,Moderate
23.361689267011158,48.151581655345566,2.3321021413481744,70.5904963635044,Moderate
23.039459234339212,39.44201853385856,0.9385770084815598,58.49261884915441,Moderate
17.682425259339407,32.93986989320051,0.36510765160963277,64.45683060283967,Moderate
26.48060138532288,36.79031620350163,1.126096027195722,68.253842541457,Moderate
26.305276360899448,50.79095794224071,0.30768778997220103,75.5065187692436,Moderate
25.025567283212304,43.48012705725145,4.4163148810741335,56.81384701909626,Moderate
23.827064333124266,63.15533463530438,0.8489211523478801,90.92919461372588,Moderate
17.92314628974793,47.235500946472236,0.3355590070503998,82.27209567029192,Moderate
22.896773386173205,39.9485709035052,0.05155430879335332,60.05299448585734,Moderate
23.286427417366152,54.68579946416121,2.0759135160412145,73.89008587078585,Moderate
20.988613653891903,58.27108867541783,2.02616676599364,81.1341327949572,Moderate
24.193571441669953,36.68167631603799,0.8328625342214832,72.80506115143099,Moderate
27.020254284072692,36.7047686515327,0.14882625955254905,84.68723069159307,Moderate
34.43092950605265,31.466857077341718,1.0540078962234924,91.50818685211902,Moderate
25.872889064159196,59.45608060262562,0.7456594510565666,87.28206691865425,Moderate
26.28775195361382,56.552181104872204,2.260953046317403,71.29785103309885,Moderate
24.627770421169163,48.98523502999255,1.8616884920116712,78.15189800037152,Moderate
15.406143923504793,63.76681795876789,0.9069813731177835,73.74708881476275,Moderate
24.867430622753915,62.22680611800213,0.49152629844849655,78.88315608738468,Moderate
25.301151049705133,53.414174575870085,8.85170061872906,30.90218244683097,Good
37.316210562426434,64.73085122053035,1.2102785449305875,97.66010151104045,Moderate
24.038195176094387,38.23364840147073,2.3312628770386494,53.648591063875145,Moderate
26.507736711668063,34.47678477590912,0.3029321641893651,87.4059202144411,Moderate
24.826441151473784,40.789984460679584,1.3294681645378412,73.00151632865528,Moderate
19.15660981190234,32.28347424357259,0.055845924845850624,54.99105580677427,Moderate
30.714114072575104,51.24678112004128,1.408234738941404,77.36641060750713,Moderate
28.759665163433873,67.46422769179846,6.649439977024297,30.371635927618744,Good
28.955159735215233,31.573741626740386,0.9696878895894839,75.35634307599268,Moderate
20.453062726026303,34.88439656040107,0.07955344154956627,79.14639795327555,Moderate
32.013971554680495,48.08796113133741,0.06289008945167307,74.19536411296258,Moderate
17.990744686038596,67.3550007011162,0.982002725260163,75.52733588660917,Moderate
27.934285469001352,42.64624419907002,0.3487661477022617,94.55875959321324,Moderate
35.952278129049894,50.289392347535696,0.047258154162401124,77.76919895535428,Moderate
20.04731837434656,31.662914362015684,2.822925808285821,44.81882858378288,Good
22.16851135198614,35.93372803848355,1.2269094089076307,80.54646106762597,Moderate
25.498256825438204,69.46520491835388,0.6828543456586712,99.80029006523985,Moderate
22.482621729419005,68.60474785744182,4.606834538643087,58.825519247205094,Moderate
17.246682844669337,30.197599237376384,0.24691084699573063,76.56269731265249,Moderate
25.342814874030136,68.07247141692956,6.243445096281949,65.29068253599301,Moderate
19.688481431369475,55.56479751262002,0.7536582709810525,65.32054628918165,Moderate
27.36796215317591,64.71673178080088,4.385734271136216,56.31727090146847,Moderate
20.402878828830985,48.18959422535436,1.8473502413695446,77.73031160672143,Moderate
32.7496720250877,50.62384114317001,3.505547102752768,80.88439562881611,Moderate
21.083733538318814,49.55386321027681,8.271979192000565,39.67693837398318,Good
23.38969241897162,56.67457030184417,0.6804939297972233,66.4966041160324,Moderate
29.067586086848348,35.586050190252514,6.49534733191931,62.603482557897784,Moderate
18.845678417830225,31.198943594907117,0.9868946593832437,58.53834001235139,Moderate
26.137299673020646,42.31719766364763,0.9739314464199204,67.5427740917905,Moderate
31.53571377141214,58.18723050946587,0.8322042752609592,82.48638300713725,Moderate
16.96258382719386,38.074138084917934,1.5591869937877605,77.64920257728124,Moderate
25.92316929266152,56.93729733299669,0.3348147598237732,86.90845981263314,Moderate
26.299413971242117,68.79648184429081,1.6135792845831347,79.86941011961173,Moderate
28.90911435888655,33.75602863157673,1.5604835761790254,71.41183318920221,Moderate
18.81524644560959,56.90408472900505,2.8701442766129914,62.56327394487601,Moderate
18.397716934578618,47.750008772182845,3.5873220954169067,61.168645767044694,Moderate
27.60970782808449,64.72569017510021,1.161213863090131,52.12089087417861,Moderate
26.48492336616593,37.085991577895435,0.7200274496578933,67.80204731746414,Moderate
26.252464251729382,57.70503808904658,0.6004134180842746,79.8488958113251,Moderate
26.732241047484877,63.52461158592441,0.4328916542202438,68.74890489222346,Moderate
21.599876392107547,67.78456877896093,0.11875191561676161,84.40478242977386,Moderate
26.161268485805017,57.329921131585834,0.8384627968339795,74.04258438834714,Moderate
26.465362366493405,49.8869905603371,0.630100213410338,92.60303426745105,Moderate
21.42824290986816,54.713889608048554,6.7874935648593215,58.92101776520061,Moderate
34.328872555723784,64.75619937914873,1.6315736993082308,73.77537190388372,Moderate
27.36916460455894,52.82438986555319,0.8532049910342017,73.75749719110746,Moderate
19.043482513986756,31.215482387873475,1.7372290472451453,59.460765081045764,Moderate
28.28276804316915,67.23794782027912,0.29977851500428954,78.29728103105063,Moderate
20.126591648863393,57.58107004126245,1.174131346885806,73.41720994266268,Moderate
28.93542301871226,57.06053543108986,1.9682524115640225,64.16178939198709,Moderate
30.79297789503702,38.62700609590868,1.3423715419589501,58.96657971712109,Moderate
20.89658840824145,56.355418809306286,1.027589389711504,78.44408513735777,Moderate
29.81688064622161,45.754576226166336,10.182082527884921,34.01969639375422,Good
27.06390463468249,56.04931908165968,4.2457800004935935,51.07469044277126,Moderate
29.11030079997245,34.26372121231963,1.9531749676136156,74.02194623324003,Moderate
34.48396491326974,56.313812184121446,1.6850462407622737,69.39511761640662,Moderate
23.773059419985646,69.97654903082666,1.9386472866399085,75.71791036642108,Moderate
21.23131917821255,31.92848155442224,0.4495700651715701,76.14979385569966,Moderate
20.552427851872384,69.0869673688527,1.0055090433803937,75.6386332726529,Moderate
20.920948575172808,46.27631842891482,0.08051833273152043,78.4881872740146,Moderate
24.614491452929478,64.83013801349037,1.2907952580871591,70.13801440120034,Moderate
26.70575987408322,61.29541936233094,1.566251367505949,71.94558307393015,Moderate
26.383453996650097,52.68065043946671,0.5168932109178914,74.35286176677221,Moderate
29.13591624518012,59.537968370053065,6.650075943799553,41.71318544920582,Good
25.065009459389536,65.14062245205392,4.803808034797286,56.28790966016669,Moderate
32.26767038578659,46.165612866041315,2.56129906704759,51.69084072883025,Moderate
23.67671583381022,43.081326462529546,1.524508526131865,62.228675753583595,Moderate
38.600845832948096,56.70373542254339,4.079967246365241,63.06295237771414,Moderate
28.12833673882503,62.31383767765034,0.28002433815246186,78.7964004569915,Moderate
20.714212217918586,60.49140539106463,3.1261565828564697,60.45877035328854,Moderate
19.64553750969444,61.912545954345376,0.2666532591040477,76.44562424702931,Moderate
27.412362076215928,47.42333259251732,3.161804534348337,66.9185733249821,Moderate
23.882686073370746,62.71336864700086,0.6452857995826853,86.27409537419743,Moderate
28.57000247046046,34.808362214824335,4.192615251900898,47.26678137169037,Good
27.366188122867726,51.77956391843398,5.766311092700327,38.35339921957098,Good
24.635855436715637,30.230346419924864,0.32220685042921915,59.355553269758154,Moderate
20.766031409657977,42.98343319601081,1.2423065589182332,62.19448365709181,Moderate
17.425763876570677,44.65846139485592,7.925304426285942,28.96468504714731,Good
22.767425239664895,45.846907664370214,1.3210015849747623,60.832816332295124,Moderate
29.28199397161736,57.81868826759449,3.983557750530425,49.10764807093596,Good
26.07046872065102,45.54232405081383,1.7770180938484998,63.251632831585276,Moderate
18.771306106440058,47.94774490490123,0.9410632425607284,70.87892651302647,Moderate
25.86590462925591,39.5017652349731,0.6731384381201518,77.36808435287477,Moderate
26.926586898644185,44.9300716651736,0.45436110581677275,69.09627888870709,Moderate
20.580712818994336,39.090785090526055,2.869274058433911,53.541243423051085,Moderate
25.76862552972764,32.92783695073774,0.9772820856047518,58.60927033358827,Moderate
25.29104359223,54.13794373525512,1.4319125312281242,71.41295055680315,Moderate
19.285148510846884,56.728511942200655,1.3558294908178181,61.397694042086414,Moderate
26.788936801741418,54.779613840384584,1.7220859223471001,76.94920107366258,Moderate
27.80392263184117,48.5397617520229,4.013529635826294,40.537576743054885,Good
30.415256215876383,45.19143120716919,7.899381582671365,35.67185283220749,Good
30.269010260174515,64.53334598287302,1.0470930804973337,82.27011691437993,Moderate
18.111653160214544,50.76327140544872,3.5149354837947064,58.548475745993386,Moderate
20.310874800424386,49.16727510518924,2.8923247930051725,87.37433260654807,Moderate
27.5751763360433,31.02568263225743,1.7044215916893255,68.07118524493133,Moderate
27.568929754561044,43.64991310504625,6.24927533039587,35.59251618839494,Good
27.575238431530238,45.20782475143428,0.4474737434089003,74.15795545326017,Moderate
44.26365745327361,45.952911235876016,0.23141485563952902,66.99816448453744,Moderate
27.854452553465833,53.206894769093296,3.847776381785572,59.844415305565434,Moderate
30.677828200902994,51.34410186907514,1.156602923894953,66.62856947169166,Moderate
29.770008817466014,54.316203711737785,3.7542276220651862,71.56263016753003,Moderate
28.25695625652899,60.59533046168513,4.471539678574234,54.453976127943506,Moderate
23.42365377679827,62.51942954864374,0.1289865773751668,78.65506370816395,Moderate
28.794846102466337,58.724923049059775,4.299123176140646,54.16370567120386,Moderate
21.13587392731214,68.22094783819739,1.1895707973368495,92.47488084696434,Moderate
23.815906966299956,30.729303307054465,1.4284658164922115,60.77198773162614,Moderate
22.573182260854484,37.83111942734185,1.9701699841706042,81.11064747256879,Moderate
25.409370696931614,30.302514999125684,5.217747919129551,53.84821787373843,Moderate
36.573292833367546,55.898988566184116,0.038602338731171686,89.683998566237,Moderate
15.66367403704126,65.92122195799948,1.2957491278756466,74.81678943971743,Moderate
28.43130095187257,39.739291863051974,2.327723196267317,68.43679503567782,Moderate
16.936420644051744,67.08138179185227,2.565360835090209,46.4890948906744,Good
22.640340671052833,32.41069561158243,2.358771331422216,56.460688420382496,Moderate
30.444752984836832,67.37744107222056,0.28874591119061865,92.4434589699747,Moderate
25.321400095477316,44.06490748958538,0.7116237426195481,71.83308174677548,Moderate
19.61127611035347,34.05683313796866,0.8885642448186694,51.527968304438225,Moderate
21.42348145370016,49.43487036745303,3.263747525573043,58.69941970344608,Moderate
28.39798874467338,40.27106270882032,0.653566298353264,90.05353685577137,Moderate
21.34816684141432,41.39491607847691,0.4732301824724971,83.19532448723496,Moderate
26.082292947909874,42.29159859705146,6.314057737900017,43.538297269909975,Good
25.22785919951907,62.121035913306535,0.017805595344570473,90.67570516760952,Moderate
21.741998261970913,51.56645106701018,12.257645987808173,11.387634308367115,Good
35.719720446626624,42.45230796624014,2.2590997088735065,52.26133820055064,Moderate
28.169595111590056,54.41335133243673,3.52598603287674,53.534212909846815,Moderate
14.874287066711965,58.64602696892774,0.6980355170098412,87.16966172406707,Moderate
25.93227157384714,40.90496002934135,0.028837459476023043,72.35350568005282,Moderate
21.69106767615806,46.541964061014056,2.677825756869401,58.98515447828605,Moderate
29.26216667398112,34.8754437334779,3.5932778729868016,54.1289451293511,Moderate
21.037396307836495,37.24597398138721,2.697813207096188,77.24479020858354,Moderate
24.426317792665504,57.24471415859931,0.3082853634204434,94.10473548043095,Moderate
27.524936394902287,37.25753390782508,2.800201847208508,83.12652146823747,Moderate
29.328775970850607,51.006535346682405,2.930006695456033,63.725863008149354,Moderate
18.998517964721117,58.36185046889731,2.149052494663762,69.21879653718187,Moderate
23.327493820795258,34.275076923789754,2.9058594513848264,42.25054723640251,Good
22.62527344419522,52.692488785156144,3.74058534935761,73.18680087203913,Moderate
21.73335383713144,40.26251134805455,1.9017856486258609,51.75870656717342,Moderate
33.82727120140548,68.5170750095032,0.18555714478983149,88.70872801723084,Moderate
27.024908554804778,49.34182586879699,1.3374079675752444,60.654936923836814,Moderate
18.695580228324772,62.23970199100633,0.16165959314865067,71.32273447833407,Moderate
29.58930973527388,52.00906168625047,1.0469540696506705,66.78997871476173,Moderate
35.610780985063165,31.736501314192765,1.0454809461012622,66.02018354952493,Moderate
30.162326302755734,55.326055023760894,0.13657876114710152,75.60485882128084,Moderate
17.403150170229935,68.05613368826627,0.8579399945987614,69.34602726935027,Moderate
22.578829635668743,54.06447280585325,0.23531180975614502,84.6655367286127,Moderate
31.334555745933113,62.767554377071605,3.3029714201509606,56.934059154708024,Moderate
21.461652671906094,65.36825853393631,5.901059970123997,53.04141831565262,Moderate
27.219097140731144,39.1231908779573,0.15012926746491154,86.7754510194838,Moderate
28.873170267146683,38.48179359632907,6.2073124681373715,39.812597226651256,Good
20.365347642109583,54.43923955403967,1.4787030987775223,61.94174128590306,Moderate
24.702373219691,46.44113879226819,0.7121093525572041,70.41773523293742,Moderate
8.793663299654636,63.59445211466881,0.15995324947914416,84.47265312043935,Moderate
19.878061793328552,66.00092493592044,1.3887929935427872,74.73641971926004,Moderate
23.7371592430342,44.136855172108724,3.1647697803952357,53.973644325097546,Moderate
18.761084090175753,39.47482235897928,2.4557557155672995,63.78297668682556,Moderate
33.16205651965818,61.221020609754476,0.10306245899209292,73.40910064943071,Moderate
17.849293110196836,40.99224142192544,0.15139164811650496,77.27895584552302,Moderate
22.799777566515083,62.90457274054714,1.0312518624321754,79.20107437027848,Moderate
25.653702886430455,46.94953014595051,0.699939218760098,70.33392968181104,Moderate
32.20636644533058,56.70199597165882,0.528932183465119,72.08326311236503,Moderate
17.8206892441028,33.82141255338673,0.6598003569110232,56.89095738067772,Moderate
30.815818760774796,54.954372987062925,3.254010062313432,70.97234432839821,Moderate
25.051165305097935,48.07070714948917,5.296585189086856,62.753673876852055,Moderate
20.092456744760245,53.46433852701897,1.0387329683550672,64.51878761842252,Moderate
27.310517371316354,36.72056830979454,4.7312841364857805,55.59887553168248,Moderate
25.99529847786735,59.47494979776728,0.7757289281144991,56.09121935167069,Moderate
21.998915614206027,64.51188310172914,1.2941957719790484,68.03586657115451,Moderate
25.349010424950094,38.669592003631024,0.5124417419455772,71.40258477512745,Moderate
23.0734320156912,33.82858222080647,2.0459489239430892,52.358711884553756,Moderate
25.56758672625624,30.945543441853456,7.7246679359526444,24.079052968024982,Good
28.310653372605234,55.67886001773064,1.850123651620192,64.93057086883198,Moderate
32.93008408072676,54.28376144355123,0.8857548572133683,81.24332347062564,Moderate
18.810922505865754,51.8678965085628,2.0872112369509677,62.65648383668314,Moderate
35.665166873281336,39.27788384463902,0.26231568850462134,55.92205781425957,Moderate
15.239561002387491,45.63623983622058,4.390316871332613,28.152066569046188,Good
24.241074524822082,53.77905340744692,1.3986683644064692,65.19225968404102,Moderate
27.941586032422883,49.87067435436678,1.1933108238122037,77.54230706399598,Moderate
26.404959338675162,69.51142080859549,1.7631255210799208,47.76522987926428,Good
21.88650240089703,35.45759010226932,1.960506106303654,56.78069593809473,Moderate
23.959388748213623,57.80578216190375,0.14896397451132995,73.31413058494708,Moderate
22.534995326705836,46.172750724171685,2.29529345904876,77.5262333674451,Moderate
22.053176215278942,47.12798459702459,0.5539635317830209,68.54494771070311,Moderate
29.248010485105123,58.70391062632705,2.503195722539067,73.54908966516463,Moderate
26.785077429825236,57.69744605297478,3.457961427963438,64.82453679186249,Moderate
21.535452023696728,69.65023974808753,3.2588578919909588,44.06284367824783,Good
29.497999377166252,35.135771578165006,1.608161806149805,74.93099429760096,Moderate
26.536497604383047,34.164385975366656,1.4686463600932604,68.32829784889809,Moderate
29.0643105941948,58.97355268514964,0.3083452699285018,85.7651811497457,Moderate
28.14814420961806,53.13547668025636,2.9863890152748565,104.34514709687492,Unhealthy for Sensitive Groups
20.855024945389637,40.96642666239224,0.633286538217213,48.70987838534053,Good
22.199094799015153,33.176774759559464,1.3731195417994453,81.43394861598927,Moderate
28.736468025616308,33.42632998385722,0.6689159933274842,68.17707784732434,Moderate
28.051851327167324,65.76763498656473,0.28734438981459237,85.1927832545102,Moderate
24.89549203017926,37.67469298874972,1.9861151469518448,63.3644557239429,Moderate
25.58663691654391,42.93486248462083,0.11172751945183274,70.8727762724186,Moderate
31.388324478942124,39.066256089079516,2.761779855836161,57.906810504626534,Moderate
22.04214305582085,44.1998522332775,0.7642398651077931,73.7549152280848,Moderate
27.735486905850188,32.77695370984374,0.0002694041528053474,58.5277455783974,Moderate
23.98903673783053,50.76239163633082,1.4313138256088904,77.5724584069877,Moderate
23.9115939838639,32.7045025436886,0.09596998472250436,67.12535378257346,Moderate
30.49388425993595,62.014260312894464,0.6463962198195594,69.31854573433495,Moderate
29.12708174494015,39.34848327641732,2.4550048511866462,59.592933019503896,Moderate
29.067548180003193,51.60047658418043,0.12948160931765357,91.93800118729318,Moderate
31.527394035771646,65.20316350245832,3.6569111284295728,61.68673955631321,Moderate
25.105019208163796,56.03509476188776,0.007654474392792114,82.90930184278048,Moderate
28.40976485647482,51.318311462053416,0.566912346182991,69.45625137878375,Moderate
23.44866621703272,42.973350124615024,2.7011136926222084,68.68998818202603,Moderate
26.62083176244221,43.320076522327916,0.7603847902394995,79.35959227462402,Moderate
24.349284728161578,56.7794782079276,0.21493076548758702,96.61992033198524,Moderate
25.48497982496359,69.7655744488467,0.893305335129616,77.44999611649557,Moderate
27.97578512718457,56.47356759397515,0.6304992769775121,84.46401450447634,Moderate
20.908896583832636,52.311336694801,3.6993522742740583,58.63176332437578,Moderate
35.4619363784273,59.22602040956984,0.7518550905876795,94.69821667777636,Moderate
19.96991309250149,48.60822449134872,3.1111543154627013,51.82332844025455,Moderate
18.92905693606134,32.40569370403141,4.448881815408057,54.39188063097261,Moderate
30.790554367500338,52.491872635116394,1.1376773450865927,73.5074792876853,Moderate
28.95831346981468,68.3050113802152,4.814628146322393,60.25563764627495,Moderate
28.120599085260775,37.01211769430638,0.9474388211190321,71.34426558981086,Moderate
28.1417275463214,57.600195632826626,6.652833904337432,50.6091569055883,Moderate
24.938766135765427,38.037347546362255,0.18706048362472302,71.78299448244819,Moderate
20.51372814257084,51.43310737892325,2.3232272893199766,66.21779167006778,Moderate
25.37902279096863,33.86705798586878,1.3617023364623064,81.82229768455527,Moderate
21.61419144243944,48.014837450327406,0.9808986275250262,80.161550674845,Moderate
29.875598667088756,60.24653315580984,2.0032173348106554,81.68721853120302,Moderate
24.264713092489306,43.902860969559285,2.4338262852702486,58.57868815052249,Moderate
20.872514016037442,56.59646897948872,0.008745632983492825,68.47906125466463,Moderate
23.393070791735035,61.81799843158917,0.365330644742418,87.9682872840097,Moderate
27.06465727137812,67.08711277917811,2.4968670625373326,79.93459508205378,Moderate
22.181377235980126,39.38568327421814,2.1955377703349446,76.6554115060906,Moderate
20.888898022167844,45.97263663237233,6.765585882081083,34.36850433069792,Good
26.218436057459563,36.0966405332167,2.862899715513481,57.32822505752392,Moderate
26.224832855543614,69.69934008633501,6.022614176753758,37.51430594464918,Good
22.46528412314435,67.08003871697181,2.4249544057541748,65.30717058728412,Moderate
22.644808471908387,51.59828521122238,0.7077924980065297,83.22863241508273,Moderate
26.16024968678818,63.68133177505685,0.2226787564240718,76.4061768015088,Moderate
17.75957829251338,50.83831909088168,3.0449051522289614,65.31155706438463,Moderate
17.962681128117225,54.94342752011039,2.06648759490405,63.22689978559336,Moderate
21.40777889373782,33.56497728464066,0.09877130890308398,73.5200963699613,Moderate
23.932764241440765,60.21081681987232,0.8927319174155142,64.08905368144784,Moderate
26.554537827990025,35.10853934540939,6.283821025088229,43.24282008851569,Good
32.37678108474776,63.04270521010113,1.3878995879767009,48.250344456513474,Good
29.288298116010097,61.28112350681543,1.133836750145098,75.49034077770433,Moderate
24.200307350182864,58.349787909719055,1.2238703940999978,57.181005640355764,Moderate
24.904918960486555,31.446415220990485,0.4686181185051916,81.60323861948264,Moderate
19.987353176810956,42.12513423781314,0.9199709051183403,75.80543586180283,Moderate
24.90743432003805,40.524502796433715,0.9234781689040747,74.66038697408958,Moderate
23.55670680539931,44.40545629886076,0.10755068147219563,89.77229915659069,Moderate
26.613592801690448,33.505709870553545,2.9183119432260995,49.27778443763242,Good
20.863845282238387,67.47831292124252,1.0774368453275396,92.76186427000984,Moderate
27.596732571205862,52.15208962849505,3.453965679565796,71.49608041892631,Moderate
32.66369456501289,42.22097242632094,3.7988853754777145,57.638159260824686,Moderate
24.456199257715713,45.879260682971335,0.47649928870812497,84.96558286203806,Moderate
27.008558610494706,47.888101620193424,2.142111846942619,56.09721543247593,Moderate
28.450719958555563,54.02377333442469,1.2783857155214864,65.79542178672102,Moderate
22.993897640570818,50.62717710785991,4.24314107860472,49.38349932722278,Good
26.120462409052084,66.7756789285767,0.48603109393259447,75.37300233279592,Moderate
25.062962003908975,49.87853931623321,2.2652475567668895,55.60322858538748,Moderate
25.48838049274416,69.6863205929325,1.8717225956861803,86.52230411677418,Moderate
21.13495108072267,64.05699830980383,0.699970390780318,73.69617907570259,Moderate
25.122550871294713,38.34042057429343,0.2937564849613751,76.11966886669731,Moderate
27.489991456227248,67.22380858575664,2.1090363271708568,67.66344300384952,Moderate
32.25571803897521,34.65465591541904,2.683387507570942,44.90128525077344,Good
29.796354130426035,62.697988339647665,0.7585053813203535,82.61562024441977,Moderate
35.76591228755778,45.2249317390632,2.0703321253609963,51.97622528449511,Moderate
21.163262185559752,65.11897281780278,1.005486441162735,74.40355027145235,Moderate
29.361603183603393,64.72226760429801,2.497988341665501,57.92438977643549,Moderate
25.91671002869176,62.23701600470485,0.444326251412142,99.28058855100471,Moderate
35.94901466608836,61.601217452282455,4.418462790545983,73.47618583774623,Moderate
20.958508573224243,42.18716556392163,0.6776969854692375,70.80445694115723,Moderate
20.801390789096118,33.23677132205009,0.9170546303766779,78.42352041582639,Moderate
22.00303677277989,46.11920715060646,0.11969524568741217,65.77564452847746,Moderate
14.380521378450965,36.940980599460346,0.23646875271342271,72.5250048921974,Moderate
22.371224891596196,57.79804355609847,1.4507701759768121,73.26927896993071,Moderate
21.20433669223151,43.84398906151142,0.6228369344514492,73.28138120564863,Moderate
25.75196893238104,69.0244080343966,3.6094490154940124,78.2595968001071,Moderate
26.708779878885796,55.63888309381328,0.029604811388883413,87.22295183844048,Moderate
34.38085419607943,62.899222545374435,0.9531513113094143,84.18167393335521,Moderate
29.75211919093025,35.30098690967394,0.823003222683286,54.80246519266791,Moderate
22.115481721687985,64.4805792909049,0.03903370333975423,70.60628317862205,Moderate
20.50792664325821,66.91028762053577,0.2656196466091774,77.7718620387867,Moderate
27.459595857532527,49.482476752757435,1.067651810951491,74.17000564260255,Moderate
18.398833964896788,54.2501175100391,1.357954438467984,57.382642796380956,Moderate
34.157293829271765,60.59239203611982,1.0360017664794439,104.19312244885882,Unhealthy for Sensitive Groups
30.897200603606436,36.993545090416504,1.5140392750266451,84.14040800633069,Moderate
22.654121739476476,50.102643058537694,1.8083867759270336,73.33710311158922,Moderate
16.434327354545612,45.946521110892526,0.019946780916305435,72.62175471879648,Moderate
31.769361870827062,35.85495968648996,1.2475973399332378,68.2810924426828,Moderate
24.42730077373691,44.701376891661255,6.620844442019276,33.00065664404809,Good
31.189081559867308,32.726892375419744,1.4639102431696511,68.86786246189995,Moderate
17.027861706028165,31.03247627797948,2.263566426447793,59.08336700559647,Moderate
22.003124885231134,35.40665156619291,0.7475371593797607,55.4682663607584,Moderate
25.026218498590914,68.52460446356696,2.974364261341995,71.54043345410454,Moderate
25.23490296882371,51.98118143580068,2.96491885297936,61.83462116200778,Moderate
22.74967264260378,68.6328864461288,1.4733458524055132,55.51989741433907,Moderate
28.114249661737492,47.299915133205275,7.460555169071689,32.34047341767686,Good
19.661897853087027,42.47264532341038,0.2683208145687498,67.09508311650644,Moderate
24.288102574893532,50.245674513609764,0.0341858401169344,95.92370101434693,Moderate
25.601478158559495,47.58046754531641,2.9407281679195654,67.93676974861444,Moderate
27.572194170293745,34.22658737046976,3.2917426161318923,44.24054452462942,Good
28.55807439044445,55.63305258760825,0.2561377737569413,84.54862699689637,Moderate
19.376789540810655,38.641527300383984,0.6173561286960697,52.72103242765651,Moderate
17.32942914632189,54.78351819591318,0.035416465412930004,85.74959824374098,Moderate
31.388384109492545,56.00804369592613,0.6943224317033132,74.31374648682876,Moderate
26.661570059897958,36.08099412514592,2.966860904256224,58.384416858819925,Moderate
21.25756731721723,32.453985084426726,1.45945855114414,76.32565290363783,Moderate
32.75575987761262,61.230463442737594,0.8557146861866832,67.59680985485167,Moderate
25.578373171464293,48.392016950772806,0.9296001263187308,58.687609188240415,Moderate
30.896485920319133,32.32655182021903,0.0027090853886956295,69.29666981582173,Moderate
25.337592407050543,69.79465268679068,0.7127800478224141,90.42708028064358,Moderate
35.303739624409936,32.31122243985467,2.079510173121035,51.754224923787774,Moderate
33.77670421221602,57.801409154342124,7.314330908570359,19.335564328453167,Good
23.75517925760463,69.34715701053653,3.7554299972493825,59.39299816162637,Moderate
29.85785475477178,39.567204168637026,0.047755566831033,82.07771879293105,Moderate
28.226879747925736,35.689974747487845,4.576587498444518,63.94011230337493,Moderate
31.843157787661745,34.855397576897154,3.057545381420305,56.45885763894451,Moderate
20.17538269709948,42.13100590270382,3.031677696697999,53.454338564710866,Moderate
28.430257299992196,34.041832440425864,1.224962905712892,79.84187119611687,Moderate
30.29212243424794,57.68645366776528,1.0150132519903914,58.679514060547405,Moderate
16.20630256788443,32.49167192520251,0.7216979399646261,60.356955409849746,Moderate
19.083707436671126,50.37688512599159,0.13590438126854174,75.8796362490409,Moderate
14.803839111199498,69.86787415411908,0.518151300866055,80.26371251035553,Moderate
23.652965827777212,62.558810780240755,0.5663276170018666,72.66442113104266,Moderate
28.58771127897981,54.608777529240434,1.323595769118734,74.40292016972678,Moderate
32.51178526048014,42.25014483146447,2.7522477652134314,40.28642371948236,Good
25.370473902098876,54.95583345166554,1.2841851772313098,66.16857697705406,Moderate
33.14307772785646,51.08165855646607,0.11916978012496816,85.83527465578787,Moderate
18.099492708925542,47.04333535561486,6.330186808793513,31.68887257463286,Good
16.483087803224226,35.228415069607976,5.719758324704087,40.80111901487004,Good
24.722261505516904,65.46416860961867,3.0759984714558355,71.08911398639185,Moderate
26.920327244696537,47.9913859528529,9.495288966719887,26.955642566027066,Good
24.836526259529535,37.7849004728306,1.5726415532925795,67.59516321511677,Moderate
14.662789499800617,44.71037403509158,6.5811921595658,28.211220509752657,Good
24.55439980243606,46.565190101157086,0.15723170689833965,73.39448560011299,Moderate
18.477652497475734,63.10151582267497,0.9104057992925537,79.71941369496982,Moderate
28.348362744150194,59.344575222456086,0.5107686587971821,80.99344025451036,Moderate
26.83299123048424,60.77219574565359,0.4358968491046164,73.60335739777575,Moderate
20.300601068363225,30.441250577145887,0.30351397474217,70.00726987652246,Moderate
22.430665413316532,46.64615992719046,1.9479119447839621,72.61571886726178,Moderate
19.70393239055524,49.25376606541295,3.0403085822463196,38.92714031789512,Good
24.68660451363414,30.76769107292227,1.7269146453916535,74.52977700129446,Moderate
29.775711602506192,40.39252834980137,0.3179040313356503,72.05354676270454,Moderate
20.07136976832228,60.4115929248854,3.3333266916293085,65.74742863588253,Moderate
27.520232577589223,35.48438822915996,2.020953976434794,76.27313211182091,Moderate
22.348711908137794,51.41240525810367,0.9825875895555617,57.96840261141753,Moderate
21.03563583868828,38.6080748806895,2.242515314134136,53.79325378860484,Moderate
24.464848200227213,30.484830985755732,0.6019533891974342,65.48261949109612,Moderate
19.82378838790313,39.64805830398166,0.8468270689879257,59.73464112896215,Moderate
22.23175347326409,69.03495019640215,4.989570803925409,74.22787353429372,Moderate
19.010610537055758,62.06148447531958,0.686402265780928,66.12401834395119,Moderate
34.82362566458195,68.38306577284133,1.2697122742597884,76.02270339797577,Moderate
25.176317759858645,49.514161757054495,4.417117608523501,57.40070968045793,Moderate
21.50137246003707,34.38944794710014,2.4600953036874644,46.74554883495037,Good
26.06989955367111,51.91837955894772,0.1284440249481455,74.0114364022165,Moderate
24.43835975154585,48.17509338239844,0.31870212680931154,78.25272986894765,Moderate
23.895152002333884,63.77428330958464,0.01574499544794723,77.6725319729775,Moderate
28.070833500217127,33.923303231369786,1.993493413602983,63.31107206250511,Moderate
28.787538550236526,49.529645480871125,1.1872315740204675,68.02318392479354,Moderate
22.34749426194736,36.00194658775937,0.288375601180207,55.38775000959279,Moderate
22.1209087967766,42.9870370756024,6.337036686630444,45.48731420130919,Good
23.62474151424178,59.49428309551199,1.5085977092569254,89.66699785596226,Moderate
13.490394176322075,49.04072517475066,0.5538622606184095,68.87211964532857,Moderate
17.42404468900724,45.035531405830774,1.3887101041050312,67.5317724182032,Moderate
31.834371337222624,45.779051142801414,2.2764970525465125,75.19564329988778,Moderate
33.22483856750642,48.377870736239466,0.15860426954010162,67.63945419145756,Moderate
23.75481980221811,61.400661753482275,0.6423503531701857,94.11100324259885,Moderate
27.882784815278832,65.68338755760938,3.289772604701704,69.22083361564172,Moderate
26.556250772717682,68.21338746015712,1.2311314431146945,93.90505339972358,Moderate
40.39440404227619,61.4761354502118,1.581860255211607,73.40041142490372,Moderate
30.597874557172883,42.61627582992051,1.1341430336046225,90.59372408511774,Moderate
24.360412042596167,57.525388243461684,0.08978541780031406,86.74045034568285,Moderate
20.22229779699787,47.50412496221568,0.3624437948503873,78.08056827143528,Moderate
16.96776839871214,40.18682488184204,1.1795271348445522,66.9825405332174,Moderate
26.017318179336115,63.634863177036905,0.469383616498048,77.2669137795444,Moderate
21.218246273578483,31.537053958493,0.10254243907225369,81.56284371371459,Moderate
17.88873145201163,66.07047968541694,3.7113120927748615,61.61254786623706,Moderate
21.767135578787368,48.45909858498936,7.947002206390479,16.015589297066573,Good
19.592259981928024,55.48805907233122,3.151453873135485,49.51341372991594,Good
33.43570817536282,56.37415688823131,3.8453532045389562,62.54487760952856,Moderate
29.408198784747253,65.80470962826146,0.5540834454184227,84.7750848854155,Moderate
24.960136793416915,55.466787286688295,6.469348709717576,46.207476145128105,Good
32.39972069445013,54.55734339040247,0.43861609368275645,92.56369079386866,Moderate
25.38684153823809,32.6660816224276,6.049490636404103,22.734773433440566,Good
20.69357899335868,50.73632087780816,10.52562786397859,24.375425805180438,Good
32.61562038634828,36.00676003268167,2.487665563369364,46.49171813226027,Good
27.694550218423295,59.497350748859425,7.941819778852892,49.5845043944467,Good
19.81376922836772,50.488876832506975,1.6858007251188125,65.67995689392185,Moderate
24.04830660958196,57.20911116833413,0.600972144984639,80.3781256506092,Moderate
20.621908733076214,31.66691602409537,1.1489366859856192,55.42751613794095,Moderate
18.086001345178317,33.39168064183213,1.8006425275232356,72.85194154410013,Moderate
29.630887737658206,58.65293552250729,0.15177940442768775,92.06967414403137,Moderate
34.54708320235065,32.883373439946936,1.947539206789902,73.23630062932878,Moderate
18.007162130904295,32.85026911061034,7.9454404157507765,27.83628725124696,Good
27.814846183452854,30.484339009395498,0.4217078822306674,76.74275823634306,Moderate
21.746787154390866,68.2600559319792,3.14616487231249,58.551660315353246,Moderate
22.56437308117652,59.50033437836028,4.769734477902515,63.83917105479088,Moderate
22.038030378805654,44.13005634008257,5.754178071784992,61.98195067574184,Moderate
20.68004615160092,41.86142325150621,6.444543388896397,51.3818387065622,Moderate
25.242608139724133,43.988129189833984,1.4740294441139088,61.15157090816862,Moderate
20.84524941794481,60.986141247247275,7.571477569718712,44.47525240728406,Good
26.352284128899193,56.45482444281657,2.831942447448347,53.02146172246634,Moderate
24.748809452754315,37.40782271469872,0.35269034896171253,77.55720290773496,Moderate
23.80525976566795,36.964373413363376,1.2959656642766406,71.01814771408517,Moderate
20.46218168979201,33.935825988535896,2.5340465578425038,39.043442456922605,Good
22.116143347158335,56.41210878805353,0.5682841999595918,63.522444871073624,Moderate
28.77695612912878,60.57490648886944,2.0467231049227057,69.49594551917403,Moderate
27.504585938121902,40.60185713300016,2.1968274910379257,61.940115182363115,Moderate
20.112223776007244,30.83779844123651,0.3551450875970192,55.43695662820142,Moderate
25.49666152714613,33.28686669905709,1.6652107754173158,68.29812418972544,Moderate
28.756935616858947,68.71440139380121,2.953549264082792,72.739777995561,Moderate
16.652973594393142,41.81779109909681,1.381881890319872,62.01972335554107,Moderate
27.716800961899676,60.768925913525344,0.024353911775400666,74.40939369454682,Moderate
21.686881205270765,54.98654275417055,0.01815912770180857,87.73567905454316,Moderate
27.852993342965796,45.27758558611583,0.8833123836402135,89.64728155999953,Moderate
21.183704217287417,38.22749048782221,5.212632354104803,41.16132264600099,Good
15.975589496677404,34.85545672637626,0.5192955419278339,59.7262848850642,Moderate
16.862287810584185,54.600518721554664,2.01223225011044,69.66221492532624,Moderate
25.24042473330691,60.98535122551152,0.5022525594610194,74.82426113953196,Moderate
26.29861250860741,55.75617014164523,0.7762427370931114,74.60097160469938,Moderate
20.478416874477958,51.21208532996633,3.7683034035082508,64.15784853593433,Moderate
28.19296229388687,31.67804893726545,2.6102506112527943,41.45508189678617,Good
16.6923996886552,68.73955110377536,0.20052324607333796,91.14847219362022,Moderate
24.66960100676342,61.94856766618298,1.1196887015603572,76.04773253872823,Moderate
18.944919001187717,41.71288146803859,0.059207319604504274,67.5753558973611,Moderate
21.740819460989204,69.19881317435403,1.3112795092716114,74.18131459422825,Moderate
25.23699335658207,54.07526358545289,2.171988533791091,67.60542663517663,Moderate
20.69793317358024,53.29690632828986,0.25226650687391683,57.764692916458245,Moderate
23.077222278850872,59.922927177181286,0.6818420646540689,91.05566124384183,Moderate
30.0314640460722,62.4707915236055,1.0144529685657007,79.09796095999543,Moderate
22.115540652384254,56.25914429326011,5.03976713659422,57.166699235672816,Moderate
29.17846056032571,35.123829854648,9.997912151804702,34.65231618327418,Good
19.351465726711908,43.53070023977993,0.09190212436336548,62.0638077378701,Moderate
27.649020889576413,67.12334561304199,2.862649760601149,74.38298431604733,Moderate
32.207843103289505,38.98462447375408,0.9295516486109779,70.47513974172816,Moderate
12.641777499363553,44.88668095350053,0.9966685537683462,73.27125801905514,Moderate
21.015523722647615,47.28307531776784,2.8070029019906837,39.38539574318579,Good
27.8853606359027,47.57619958777809,5.012499985674345,52.16209726350037,Moderate
23.984773069785035,54.51758329978102,6.028957573174412,42.17466710111514,Good
26.855729366856544,67.72303350978831,1.7213458868909275,79.46067480825168,Moderate
21.980074066420897,39.6277084733002,0.883598001298828,73.16080144238839,Moderate
25.4329489373645,34.86005505203672,3.0980886191541974,50.60778894030203,Moderate
24.221613823039604,37.898819594397494,0.5780362845575456,63.46853272529088,Moderate
30.838910308299035,65.47699600837078,1.660565681903547,75.65307186156973,Moderate
26.272104216506065,55.83243250620824,0.8881368237533072,66.47867546819688,Moderate
26.68801331037601,41.4362715695664,2.1378996459755877,73.50522685070126,Moderate
22.940615169387662,62.63787755874469,0.5499237377770193,73.81998015895769,Moderate
22.561968879637533,64.45479985453744,0.4253791345688852,49.42064653011916,Good
22.837209060901895,63.860573547611125,5.007911963579374,51.78899621061935,Moderate
26.972260711891483,66.75706134558217,0.21473323740758357,72.05414436414276,Moderate
22.895077595898684,40.08964080693446,1.4102691168196353,50.11032730132206,Moderate
26.448874284482066,60.201677149851136,0.49911053778105025,66.4151212160654,Moderate
35.37700399322719,48.4215798909656,0.0794159874277333,82.9119807450943,Moderate
29.355623517158463,63.67994211560246,0.0733670112226542,96.701367619629,Moderate
23.369882339160796,59.13962708646453,0.3852814869166537,80.63226659958629,Moderate
31.006069610819722,61.057897859988984,4.031361963741445,57.59856046254194,Moderate
22.959623134892244,56.24647350724286,0.6639054133360989,79.59326850464551,Moderate
14.80937732411073,37.097150778788276,6.009916225071519,33.893349668144324,Good
19.95956844541298,51.80107675587753,1.7427412983477275,59.860397066099665,Moderate
15.646040394870722,69.38678958098032,1.1475812196301753,61.35752429124874,Moderate
23.24243257979346,67.49552265988476,1.7354242023882065,55.674464008403945,Moderate
25.092091895947757,31.726949431880467,1.4542287179901732,60.8937501219927,Moderate
33.382186561376415,36.59259262917749,2.8440607370986966,65.02910228314929,Moderate
26.634636868820813,35.26915093818248,0.6639536967974529,69.61205853172899,Moderate
23.90449735595568,59.03919639941182,0.8709737450452532,71.14946959310153,Moderate
29.147027905917447,62.7114131942778,4.490412454761041,51.47741503046903,Moderate
13.944323454960575,38.540454652426874,5.854522233888301,45.34414887061653,Good
26.178072790542828,50.23410771807316,4.461612458394614,42.67988721925445,Good
28.854325969434832,63.628121120448,1.087551786994988,85.83811952431162,Moderate
17.607068771100792,59.31206179065002,3.0315809831030545,51.41707781796287,Moderate
30.718770216034645,51.68948821967393,1.2938090248233634,66.87283407627233,Moderate
26.69248203747207,53.613907618350915,1.3764778998947391,57.88017189861084,Moderate
22.923560430495993,50.3344218766512,0.4580217334320902,69.25797664222654,Moderate
28.163909330531425,41.901938052752826,1.7887175271479883,77.46207303013139,Moderate
36.35346428902198,52.600879714360644,0.41192375494866157,87.05365816851544,Moderate
25.909331275292477,57.55541208200363,0.8056313391458367,85.9773536867985,Moderate
26.24110293150168,64.9329166344323,3.86245969058071,68.50955346251634,Moderate
22.70319550229878,55.45165415916992,0.4640553198262061,64.63011911446563,Moderate
20.75077815267604,60.44486148172632,0.14763387400605255,74.46278590755009,Moderate
29.151679082721227,36.40286539818292,0.14300831413790926,66.9796662989513,Moderate
20.719580870455665,48.462298976791594,5.653144586567092,59.93850623582026,Moderate
25.357831186096963,30.37326479308373,1.4141694690315991,52.752161221552484,Moderate
22.611712766174417,39.86715458086492,1.0532734996033275,76.93661215322116,Moderate
27.39489912873196,59.05846860452019,3.330732083323666,73.69086843019141,Moderate
26.66831052643474,69.67239805397455,3.6136559977619394,84.4637967077609,Moderate
30.187699721289498,33.967123983488634,0.8075062481257752,67.1495898887675,Moderate
22.449918005726264,46.059772634451534,2.3658455543326977,70.33688461733672,Moderate
23.650625323533145,62.00283874796638,2.949139466118524,88.49698532095229,Moderate
20.106181421088465,38.16142538515595,2.126397744694441,54.693112833281845,Moderate
22.77853369961944,52.20339797209145,0.3287945020560986,60.055911255833074,Moderate
26.88650246522426,59.32285184118699,4.173062565483896,41.5746936184711,Good
28.78494308322676,54.63941801040716,1.5491247211418475,80.1657936276396,Moderate
20.389173379111874,37.52098938461665,0.6638878038808874,49.299942404950656,Good
29.3480296005283,44.21538274742957,1.1075643223755363,68.67761748323612,Moderate
31.778189294024756,61.35167137941589,0.07659015140540455,88.28477717419973,Moderate
27.067174516118506,52.16906056528067,0.273626231693328,79.66792963747595,Moderate
34.38397906279033,30.20918454171651,2.9009981470242807,66.00420280063044,Moderate
21.131054004482134,60.43963040112375,2.3269646100864647e-05,80.92019833235622,Moderate
18.776726483442914,31.412454197609563,1.077647300426542,76.21252113200555,Moderate
16.106398755478608,59.82935130924929,1.4784248818677461,59.08671655378738,Moderate
32.480221557445915,38.0992224066095,0.11236713831299383,70.33809042455553,Moderate
28.27182828177029,68.32293920477521,7.229635072557551,40.758026086821715,Good
24.722076645447725,44.71763005208338,0.5126906903662256,81.51479200514386,Moderate
26.399843131599102,43.077264653523166,0.7253823522683404,81.50017508446543,Moderate
19.372554763508116,35.95552201329779,0.7246460494479172,71.3619569316889,Moderate
37.228759898084135,42.22416861960859,0.5238120604507893,90.49750690156999,Moderate
25.646105909876137,65.06603047312802,0.002949818460770116,70.54770433080883,Moderate
25.546973973024464,69.85337350508989,2.613819142149375,87.33264444280368,Moderate
28.62883311949346,44.732381220273936,6.813153637805498,58.900748953924,Moderate
27.405046158683568,47.9444252381817,0.507962060888422,82.90226031881166,Moderate
26.119420121395656,58.882837528109484,2.1756247869211744,87.6644264722354,Moderate
21.04762772277344,65.44783121860297,2.708787882561248,50.04799173738364,Moderate
27.357341785679978,53.721773367471364,3.7733544560740695,55.683949260084525,Moderate
34.41012248237517,45.661027927113174,1.0985411587744511,68.05762921862977,Moderate
31.727100230774887,46.50487363394495,0.7217414841186984,83.42109802255086,Moderate
32.965933133196984,57.824725859872274,0.7869598386292708,69.39417773539236,Moderate
22.443921617844076,30.128730544171148,2.4939090719848465,65.365986105624,Moderate
20.051975898707095,54.78357349839363,3.394129501260106,73.19577393253823,Moderate
24.37106539950176,44.219720417654294,0.40084226328327965,80.39926650947076,Moderate
25.278624561443472,61.76789325108337,0.9270604799335608,79.37188809299396,Moderate
30.470957592354743,33.71962559292528,4.644355498354066,42.250855573277136,Good
16.537676851425903,53.52809067793562,3.2869567374587416,49.42397228054627,Good
32.64775159730307,49.23891559544495,8.380619077364752,51.68864414342792,Moderate
24.209960507105052,55.693021036209096,2.8068668766400817,72.57204222026817,Moderate
22.8655946502629,32.594143779318735,0.9990962457673288,65.825364036315,Moderate
19.93947812369916,53.19935149712525,1.786310046599916,62.81889882032867,Moderate
16.725716640671152,52.459383518380946,2.1635944408258485,43.02462244060684,Good
29.115852919809573,52.426403776646836,0.16340911090966223,68.76027785150615,Moderate
25.36658983594202,54.13950666385819,1.572705772704821,90.1758089250016,Moderate
18.55019550129473,57.05871748905449,2.4710702467136554,51.232806053770766,Moderate
18.52460613968192,62.19955998723079,0.36621486062588937,77.98589497509155,Moderate
23.32107650354936,40.79282880512857,3.0340066119482234,68.80279356552413,Moderate
33.34510762644696,63.001976407202484,1.7530479342938856,64.25868038389187,Moderate
23.702043243181976,49.93022729053814,6.082371022221028,48.265339445458125,Good
17.48428523440947,33.08233116537325,0.086696821044225,77.61251323670213,Moderate
23.77128467957028,32.342037169759166,0.616657205618876,68.62996068169102,Moderate
23.636382151261646,43.36953274784243,1.8403659903244876,94.31125150502878,Moderate
11.515566785292142,61.3958790844587,0.7035451382092704,53.972828838155365,Moderate
24.72852566741094,58.307237389636626,2.506495320377518,77.91124274754765,Moderate
23.84532734895661,61.54459858689626,2.8459605298196955,64.42822322748405,Moderate
28.48103182406709,50.690762257664375,0.21631989207718816,86.08534667731367,Moderate
34.244780474726724,47.60795991821962,1.4424944870901517,78.60537729437094,Moderate
30.632825147738785,35.89810106825136,1.422176549979631,61.64339817334669,Moderate
23.655556547225846,43.12771014437246,0.9217889523745135,72.4471104796455,Moderate
19.467370456291647,47.36077464695501,5.403883667534351,28.3434847705777,Good
37.8667990162493,33.54401718718469,3.5147893602561635,67.45513286871318,Moderate
25.29609217007244,38.824478108448446,2.3894274834967595,65.3298367599922,Moderate
25.06964645956473,53.92901176254955,2.5058124076510992,72.57106640672276,Moderate
24.879374564449982,59.42652456956759,1.2387384884585517,84.65513546167402,Moderate
25.990423803839274,69.93390045571799,5.0764761514240755,62.26919968361177,Moderate
24.278197940380288,67.32453325374232,2.372235826668418,71.95617401095352,Moderate
22.131689965598817,55.70260798140766,2.6111331547105663,55.91027823705595,Moderate
22.26570529379804,46.84992213176288,3.9565285417431437,48.28297894122166,Good
24.836233648920008,55.44709458832931,0.640607753857549,87.71655263344437,Moderate
22.282876144331176,61.42606472320928,3.290865070249198,77.47828619494217,Moderate
21.435771086614178,34.733447636935495,0.4344238637980665,66.58469615227688,Moderate
25.532151138459483,46.39619558785153,0.847284488332029,72.9085392764578,Moderate
23.725113912895722,63.59209142542469,0.8177732725404557,67.80517427143533,Moderate
32.51996494291345,45.35331807732176,7.681775244505231,53.18467012480155,Moderate
11.745150958034941,52.874890849087464,3.883359352744885,58.972414206937074,Moderate
30.45753425961231,53.51077443448793,2.415759931969776,88.61537416494114,Moderate
31.230425962488145,37.37905012534557,2.5969828468404286,55.06078301284822,Moderate
14.633048837959253,44.48941766609153,1.651405159368262,58.6262449317836,Moderate
23.286562029598258,43.38045154967729,5.878351061018403,47.580120399866026,Good
23.142795670021044,31.04786834128259,1.3713850826421117,70.49372830144245,Moderate
17.962441526410892,30.96767055565421,0.9577423313643417,61.326133897603675,Moderate
21.110916562045624,63.26788174703094,0.35594685588030345,69.02647762119355,Moderate
19.447120772670857,40.9228323989125,3.0854814357662397,65.3870782164137,Moderate
33.761352217118116,50.72315064955262,2.651858563944405,76.04968210915864,Moderate
29.678391965737305,41.94902294355092,0.9701696856981685,63.41031343180584,Moderate
31.357775474970794,67.62716980461363,0.05103240190878215,99.26630468038053,Moderate
28.608360320216175,40.37187035463095,3.652668632221283,69.85438519735699,Moderate
19.354741143913856,47.186272509557405,0.02296733820852711,75.06138060625943,Moderate
22.37739866860113,64.90921001938408,2.432764161320476,69.29362015727378,Moderate
27.44687280613959,63.67734267167235,7.030330315879624,53.21556533633246,Moderate
18.889360955540273,37.44405671385109,1.1513019832739178,56.30435687299329,Moderate
28.56499215086194,62.10573239182842,0.5356893620974138,80.53608377413323,Moderate
23.798373009209325,48.327475469515704,2.4406855282395963,42.67016605816959,Good
23.125895962252013,49.31875488341421,3.3979392020186507,68.13343489108637,Moderate
28.554799841017456,35.339198896637754,1.581212726377801,51.35816373319244,Moderate
27.2213165574302,33.22406055028499,6.824634472806166,54.488902364059754,Moderate
23.1951691709046,59.117572278950604,0.10610277608512328,75.50114144904737,Moderate
30.79664901682124,49.85844609421199,1.4055693378571474,71.21134182807671,Moderate
19.594683362000513,47.474028104607186,2.534918494699556,55.087618578039574,Moderate
28.07967803472132,59.18032914609587,3.970306984861358,59.06201409766187,Moderate
27.96550628984192,60.62051595964439,0.3950871203199098,94.3787857826951,Moderate
23.452267803430047,36.35632670677414,3.218910642808085,31.66039213435604,Good
26.63066511121059,54.40900597910565,1.6090831747996597,84.36227233622057,Moderate
18.744432118073483,35.41416329110742,1.0101963870055586,68.32571792235825,Moderate
29.620135096034506,60.05500344116183,0.28247062022898545,69.34399900064872,Moderate
24.075489317785056,56.278206250685585,4.00934742120851,48.121345497563276,Good
22.386384897404803,68.26458484333833,0.342224927752622,96.72537353502283,Moderate
30.245046129184445,32.75832065425685,0.7415125564448649,61.787387679217645,Moderate
21.478281547286205,32.282188846050175,0.6851088810554417,55.464747916221356,Moderate
17.957693518182204,41.287482987728005,4.10231520740062,62.22666104205369,Moderate
17.216854132380483,40.46822734943624,2.233774491452259,62.965551576618964,Moderate
28.030049756728197,39.879151962879995,3.1859621166212815,50.66970411875771,Moderate
18.597853237518585,66.25018322084146,0.5766122643864525,78.45717001712566,Moderate
33.77397090992182,39.981847993980246,1.9609871499531324,58.81907726698654,Moderate
14.59035296058139,40.87798904514524,1.6960775242450719,72.08639955683495,Moderate
33.48228184145019,60.37593049671855,3.577492548385835,77.58016697654281,Moderate
26.05508733601309,47.9895936980216,4.7307742024201485,59.0906127535317,Moderate
24.516434440648037,61.06842227820725,0.024462538817942497,84.07304182216664,Moderate
22.275404565955252,32.61464630257541,2.241838001779072,77.32478741352863,Moderate
26.995680571760353,49.50284774693537,0.10645516809244548,77.81328204338081,Moderate
24.81182648787576,31.344544007331304,1.5919492147397791,52.030789118230366,Moderate
30.516509410082605,32.50612813821418,0.678323341139772,76.11321556912978,Moderate
25.571138243310198,66.25749813377644,0.7328059290589237,99.85925941186454,Moderate
25.75150880730939,35.56981484470381,0.8706896993582343,59.04565542841614,Moderate
23.18193893893072,51.29682729100868,1.9419820102765224,63.6554799384455,Moderate
24.715271881394663,46.443824104028266,0.813081269565668,76.389837205092,Moderate
26.539008844460295,43.8937330503537,2.6387602079855372,62.704774807351185,Moderate
16.449158036716874,65.9933338274909,1.0367997575476584,63.015544575094275,Moderate
18.259072889471433,30.87293587101958,0.14160301282717758,78.90198070421042,Moderate
28.716320470113576,56.551587447023564,3.062731297166667,89.21038720350312,Moderate
25.854327190639708,68.53577736854201,0.6730677859034276,82.08387246660439,Moderate
24.080083318236603,52.40672733847368,1.1339698253218857,63.051527836690966,Moderate
25.092169665326967,67.47289848132368,2.3131855740636516,55.73242125620757,Moderate
26.737908526808354,32.09031517144095,0.8083004173809956,71.53430654014328,Moderate
22.301201598453193,46.751732762966455,0.11649940764779618,85.63239702304013,Moderate
21.108476372988438,40.406311638482045,0.9365575857042947,72.74502121447117,Moderate
25.979226275488408,59.23283859922919,5.7808924983360646,51.83096381664409,Moderate
20.10813611192484,69.25188361988987,2.052961321342224,64.6721100173252,Moderate
27.041263778572358,40.261202497769915,2.226309937390083,53.54580662448583,Moderate
16.4870819788108,56.16698405896298,2.000878713472277,73.43675590298173,Moderate
30.14577818662822,37.92390531038961,0.4437690358575452,83.36893172099911,Moderate
27.362987412065216,52.61321018286439,1.0837172910217845,58.58957243887567,Moderate
26.28014867156938,48.55729946753345,2.780121276197348,79.70504757686481,Moderate
29.91345491972757,68.88021318526148,0.21377424410872728,90.2926324038386,Moderate
33.32737222231288,54.341090907858664,0.65105249928659,93.70669733853903,Moderate
30.07185032509065,43.98025488347275,0.646809482616204,61.57467672965499,Moderate
15.795628843341774,34.56383139551733,1.1313343680919619,48.95205044571189,Good
18.602115166321493,36.049873149397385,7.861264266559312,29.320005097510432,Good
21.875907111521606,39.0126771980494,0.13977771699224598,76.97071239916633,Moderate
25.13045525105417,40.038666453611924,1.4625331374118946,85.22777010382082,Moderate
27.588295102345615,64.02464231364551,0.3953529213510226,88.08556477666266,Moderate
21.371280934232672,52.44891153130099,7.0587351704515475,38.69982530612857,Good
25.93383382238539,50.935636454974656,0.24050505031108502,66.78139051947073,Moderate
21.22308533823339,34.5907548747687,1.0336907535594775,78.12032109094142,Moderate
21.942410985040258,64.4055877339774,2.6779437647354163,57.25610873152911,Moderate
17.96669451575889,58.91257212833935,2.438541297406312,80.7490979570729,Moderate
20.38383376944548,32.706734476000065,1.0988856460398193,61.66566250125859,Moderate
18.24157697191833,58.313403889190745,0.8508994578636409,88.26613308957668,Moderate
20.120633735113337,51.741528693705845,1.0137083028682519,77.30354686191993,Moderate
30.268208983039198,33.26901382987113,0.6138011765400787,70.67584786335595,Moderate
20.253005555840286,48.33202566114626,0.459664085742675,67.13382632928936,Moderate
38.161910324186955,49.38785148520188,1.3195783837367603,73.89033991550944,Moderate
27.466589504404446,36.63098160653103,0.6254084119078702,75.87871409837456,Moderate
25.92418061847437,67.82792588001129,0.6778431292674276,80.6928173890806,Moderate
20.708211099093933,63.99901485922648,2.138627798766368,62.92255693279602,Moderate
28.501549397044958,56.76089349316433,6.917907138612631,45.0331929502323,Good
22.12181086881113,48.491822440024286,1.8508506538853347,67.1399691941777,Moderate
25.610049073226808,46.47062166338034,0.16020759771989018,54.657832102879944,Moderate
37.800422691343975,56.038938686038165,0.15718534897710215,89.5076473544849,Moderate
24.51970050137675,51.81727477627622,6.04921931486486,37.761723862078874,Good
30.74636663142838,32.49092423527542,0.7056242294367189,60.05901540705577,Moderate
21.48411787437056,50.500105950813264,0.19316935264161353,58.052800488114094,Moderate
24.82505754751519,62.25614468931358,1.8278100955176482,54.01139672428452,Moderate
33.85400317817755,48.369595103878325,1.9544649426011678,58.11108037612354,Moderate
21.865164711061162,32.07826310217074,2.0911185616462635,53.010258901645585,Moderate
34.062242789984644,61.451127975361324,0.6223163933391319,101.88746919617076,Unhealthy for Sensitive Groups
28.538759677277376,38.054551285438976,0.030452027769782227,70.27468832646942,Moderate
22.18766612052866,40.34483339552155,6.705692882415926,41.44631972952148,Good
28.162038695277605,36.588254137291834,0.5777470190385317,76.17357435869698,Moderate
29.86277224813365,43.2086025948599,2.254185804892322,67.93368974022168,Moderate
28.10904981108598,60.2700602275454,2.4526404489001523,69.09790612204591,Moderate
17.148876400547717,50.77543438015749,1.8832551163836395,52.437855296410454,Moderate
21.364314120875658,38.1952509660285,0.7505723969681785,82.89714584819761,Moderate
23.762406822242475,65.11320312608163,0.6324271820651319,96.32499487499891,Moderate
24.62783285449977,65.18327419806117,1.8209567264407178,55.93752811323778,Moderate
28.103360487753392,64.82313700184028,4.0212588349879805,53.15204126062507,Moderate
25.888505004666268,39.55184845526157,5.864903921885126,42.687184005715906,Good
18.323278206449494,48.04957376723952,0.22388829031485427,62.81169183272041,Moderate
26.900989255029817,69.399586245635,0.336431693726194,87.64786756713309,Moderate
28.052928726419115,60.880499052399614,5.791276519397838,46.05150945787411,Good
27.7989522396552,31.086696849022392,2.6676712276174452,81.5376897145131,Moderate
30.403903627773108,32.60818365041968,4.291057132688894,65.43460718900394,Moderate
29.16961077274452,48.55725507249331,0.45287954109998413,79.01332450894249,Moderate
27.295900396142184,66.3688082344624,1.771454534529418,84.97118262896005,Moderate
24.649171442706766,51.54807191810857,2.4155573711421625,76.77022468464823,Moderate
16.69519533242004,49.91250032137161,2.2795679726983553,56.28403301854729,Moderate
27.148091095662927,34.21894799826522,1.0490098230078868,60.43250838685194,Moderate
26.038438435815557,56.271204188971765,0.031029246928829947,80.52686486965163,Moderate
26.357894185976868,62.88412642400902,1.7489835021813425,81.91562875426388,Moderate
18.616257120898453,45.216800300302495,0.583652064757029,71.345512313289,Moderate
19.594717297958688,61.0244740370131,1.1965987466954007,56.351742304696295,Moderate
30.26576426666452,68.57906615603247,6.320318519001087,46.07676494562814,Good
24.802224230716725,38.15065836510756,1.0184382219394243,68.01438987924972,Moderate
28.40750348686312,50.93318524778965,3.6626845470288836,60.41362853936573,Moderate
25.141591880652307,41.48551832338302,0.4178418623425931,92.65266389352618,Moderate
25.148780697478728,61.71417676135357,2.232293228925945,56.06729780852572,Moderate
29.691419029879988,53.1037346352463,7.545126951371329,48.107087567015995,Good
22.41977635891313,55.383296702012146,0.21493235284125525,91.64134650913682,Moderate
25.480603884704916,61.916566384635765,0.016709492250489715,103.9462218507187,Unhealthy for Sensitive Groups
22.688623556474788,45.8388189064982,1.1368487136501377,65.36773965009655,Moderate
22.82751886283842,66.60360273628173,0.19439999147721998,85.33713482211962,Moderate
23.454139382656802,51.3211546898456,2.759705105791522,69.02249414131094,Moderate
26.110668858168566,36.318192913413924,4.919616465792632,51.307527289678205,Moderate
22.606256891682612,57.835964726752096,1.1383965114424754,71.97348329426151,Moderate
31.278780627867604,61.73045401753018,0.5987311649906385,85.52462458924012,Moderate
20.52696348890248,42.670467082701066,1.139748065066691,42.04342069173124,Good
24.065641779193204,64.28717027995012,2.570711503912119,75.28610935464735,Moderate
22.801344708629124,66.24573019063065,0.01819079921445722,82.44521645205114,Moderate
32.23488942176866,41.076179495112356,1.780534544578956,67.3128768687406,Moderate
25.982773882557872,69.34085890860888,1.9001691557042915,94.76142079253573,Moderate
30.159222697343175,35.62846112195034,2.0305004827063358,58.866307083819486,Moderate
17.57219813481514,38.0806267360996,0.5542020460528032,63.40851696732313,Moderate
26.335251329346296,37.368993569521045,2.503895665264673,81.77437843125344,Moderate
29.448153978117183,65.75958840031481,0.191681911211672,75.1729309045961,Moderate
25.41141994637712,56.17170209299847,0.4444637751787968,71.83374889582872,Moderate
30.327401875326757,36.08417132889092,4.198799523561042,53.52470048421695,Moderate
22.41355774949814,47.612936734733964,2.6843494172906586,70.47625763001146,Moderate
32.0467372009279,54.61192100279208,0.027681797717852966,84.34656098624546,Moderate
36.49449061809625,33.338563399575335,0.5710388529673616,62.46736659256129,Moderate
23.185807197801704,65.29665473629355,0.4826315485169453,73.44705664593229,Moderate
22.77248739299614,62.14414141766141,0.6316318285385556,70.7977826469816,Moderate
32.2669223855885,50.20827094306553,0.5688674289142449,77.57939487891223,Moderate
32.89786072865356,68.68506461036682,0.1291331406466294,90.66722063050197,Moderate
22.385699864233658,46.71043917100398,1.228452110684271,73.2457786888764,Moderate
22.899065914520712,69.3644127614599,2.639017793398541,51.30365027822161,Moderate
23.591076955697464,56.71679995214508,1.8665265313898347,80.11735568215164,Moderate
18.277747444828613,55.38685093015766,2.234805468606294,67.10659011839635,Moderate
20.40674026757901,36.6381958118314,0.16926299365638992,84.19383438499604,Moderate
19.97929616623966,65.27711033218576,6.051999913268028,53.754764889342134,Moderate
21.161012174479357,47.099587516824606,3.6463991463165786,67.4916161880618,Moderate
24.826575563066093,36.48933623129918,3.270437998976395,61.673351770542084,Moderate
26.171073662682602,30.50430079903036,3.4630281073094618,68.3839440965306,Moderate
32.75250246407038,52.3902273455353,5.397502386392768,60.32831386390973,Moderate
20.008229796306047,51.095984884907054,1.5716391357000705,66.49556222069575,Moderate
29.921611992382918,58.774144894766344,0.4469922715986941,103.0824353110967,Unhealthy for Sensitive Groups
23.930055778872454,65.61032212071208,1.9183109135951566,80.94694118047299,Moderate
24.752681451737836,33.17626338572118,2.716436372469671,64.48448208928104,Moderate
28.37409746083302,59.259859613614495,2.6781910647468012,55.81100712538348,Moderate
19.386389892188507,37.496477763903286,1.4739850823934304,50.68913668866271,Moderate
26.912048730920255,64.32708212628656,0.14182954717407414,84.97215608889425,Moderate
25.83226104106528,62.76254055446624,0.9276071815125889,78.56206875699198,Moderate
27.462256320040744,51.631750199421774,5.070714917406533,47.72585298273108,Good
26.44584321953909,58.40971194493246,1.7562994227461635,73.37416507563906,Moderate
37.276500699554475,42.574004527349935,1.5458182760697725,89.56762960806931,Moderate
21.81130007874342,48.84671595731258,0.6262828971717277,79.38227508620983,Moderate
22.345015224990913,62.865475908418865,0.9191529071062944,64.02630075196225,Moderate
21.88429736787618,48.37060788692855,4.5141929201180115,51.76727817799716,Moderate
22.222614404198726,44.31193061301767,2.1960032354921304,55.3752054000184,Moderate
21.81306436346741,49.768497890012,3.0965635861499208,56.47726445390209,Moderate
30.94508265553776,63.12997009748874,1.211538292842597,74.2176842365061,Moderate
32.102521239949276,43.40832189483491,1.9898413147100436,64.34809478883486,Moderate
22.14626853125262,36.95046372542975,0.5710584063926764,56.751627631557895,Moderate
20.838222134478855,58.48056081323123,2.4446865612079685,64.46329968998705,Moderate
27.35707778193202,63.03912850832327,1.1158391226447246,71.40500546176628,Moderate
22.238884778595143,34.025499140941335,1.1687488398079504,36.18886103251755,Good
28.164659088777555,39.59496451023779,2.0957755621064074,86.01166133194471,Moderate
26.0146151042565,35.678879590439756,5.506533094219477,57.06600250032952,Moderate
17.42127942501384,43.91765646328666,0.13229316618459816,67.46146357131995,Moderate
32.737526006650306,48.014039156216505,3.4830063304143035,63.546133595524566,Moderate
33.97938836547761,59.953053478532254,0.6917048962922712,69.8005422716615,Moderate
21.93605654757807,56.04590339526696,1.1736842584557927,88.8706067781988,Moderate
23.061492200320078,54.837142699137246,0.044313983978938785,96.73320593773764,Moderate
26.429326953624525,44.09499786438617,0.7163409171392776,74.42839553289697,Moderate
26.672283949935125,63.6579021233904,1.3968471229352586,85.68458343916183,Moderate
28.29272136336415,48.85148669592658,0.11563130569590999,79.97651795131972,Moderate
35.05102269383175,69.16419752060618,1.3509907071279492,68.15256267869869,Moderate
24.11526386252975,55.36568553182947,5.2376249022491566,48.36097938993136,Good
21.00851377730773,35.05058966258011,0.22274201418164916,71.22500338423923,Moderate
18.103403859927365,57.04710248301736,2.8915854234776024,57.16242837004644,Moderate
21.345349800290403,43.00416061726796,1.0541507215946502,66.11663670300199,Moderate
24.834365135631014,57.4530878674439,2.129429018240246,68.0919682617563,Moderate
33.97278931758894,32.78564592649623,0.6028497418291304,72.99905474894308,Moderate
22.411943504819142,36.99525748703837,0.34749824079036656,71.08964269954409,Moderate
26.118939758194493,64.22949035623145,0.34980854025643787,69.97322362071847,Moderate
24.91788551963624,39.087182280940596,0.14619961320134336,66.28393788681423,Moderate
30.94196636724042,63.4816450097176,0.4107219673553782,69.61602419275891,Moderate
37.63466212936811,41.17104353817642,2.182594527572664,80.03382698513566,Moderate
22.345656135398396,55.71527640234831,4.26890430451639,35.48642004741849,Good
22.55280278740889,57.76602294039324,3.365369125322815,73.31526608237759,Moderate
30.22080438534536,50.50619012580212,2.311218223272914,82.56966208667718,Moderate
28.40945744813156,42.21242706786925,0.23403834762126297,72.67645923649403,Moderate
34.23353662868017,38.505775054843845,0.6826930429688594,49.22366473767595,Good
27.919640926629818,31.32757418249705,0.7415676594319272,66.03714880123148,Moderate
23.203539546064704,42.157856049628954,0.5752493385924038,70.73103828207084,Moderate
27.953274153461546,56.126511621251325,1.4472361152346536,63.47242778764378,Moderate
30.543517902914537,67.53219273793931,1.533819165879688,72.71013700535819,Moderate
29.102410905986822,64.84817929052208,0.8828664758345155,94.89327884961098,Moderate
27.53637015553649,60.642591061412105,0.8732588975696642,84.24393953136097,Moderate
30.333373447945768,61.53789373013195,3.526992501954175,56.747451189460605,Moderate
30.846477952228362,56.59939613903981,3.1145720325381565,50.854205959181016,Moderate
31.910794955187637,40.411474302640116,0.7357486519134074,71.12992333272109,Moderate
28.243549437948214,66.28780122823319,4.901902097005666,57.36403680891136,Moderate
24.164409598415727,56.82929247623336,6.10735918769201,53.556188477250984,Moderate
25.733568432166614,52.4176252392176,0.7912549395755805,69.28262996429409,Moderate
31.032544832541785,34.43957876853924,0.8752276142483729,76.58700372920941,Moderate
20.91532164506382,47.88222175225702,1.4089589115417203,87.1290731911027,Moderate
26.843366544364507,48.41433084807705,5.664535208962706,57.77831670623446,Moderate
23.033305938363196,64.5825443809068,4.180106221785574,59.51000010121804,Moderate
25.143724114674086,51.86592880751154,0.21643577162810854,75.21795713091703,Moderate
31.392259313036494,45.216021958816384,0.9975660004680953,70.70637490002397,Moderate
25.955495340099517,69.07201314042638,1.6120548629363474,87.4454864220174,Moderate
25.232182740780743,34.428823733052624,1.3988636655681363,59.677285702952446,Moderate
18.200719295100406,46.901937132477784,0.4310033200163549,71.46815127721159,Moderate
28.731267830136105,31.680987006856213,3.9153934739117062,54.80494166637725,Moderate
28.227420905705376,59.59616483067721,2.2598392763761135,65.67552159205997,Moderate
35.8162736165273,66.72306208796603,3.6391870325988815,56.004464792818034,Moderate
23.461108825234994,41.201493182019576,3.9146500136108564,57.74749733534577,Moderate
26.095751638319694,64.33366707196484,2.7594786143395025,67.94054315049796,Moderate
26.246918418553776,41.68872921847591,1.1568196944761544,74.84838419680457,Moderate
32.887266398817374,66.4308064657566,1.8860229188540996,71.6067574804735,Moderate
24.523522338065238,60.158476143871354,0.3495769781466068,90.76963210959147,Moderate
26.395107628851697,62.19627107365754,2.2395416244991138,61.890989201909086,Moderate
28.039482548582697,30.720262224018178,0.3950813787878043,88.3808158877367,Moderate
25.93304561578179,68.51241428296103,2.3680109074049525,54.20382745747183,Moderate
22.767831927247357,59.066839682812926,0.5216860622201293,80.84323820293581,Moderate
25.97044996449154,42.190043815445335,0.25010924469232565,79.14599872868398,Moderate
30.36815874929886,63.17578659435388,0.361328637886097,74.37460148411628,Moderate
19.8674235029447,41.2608479365972,0.003988244319421252,76.53596428946453,Moderate
25.66484837073438,64.91015358264511,2.536948823692528,82.41591283929966,Moderate
21.499395925304135,34.50321561647748,2.6365317419676026,35.74981554421666,Good
30.975233144624212,58.14743909843183,1.4469379492541024,80.7246066304793,Moderate
17.384065476081126,51.62793906579641,0.35195417368150983,47.48793538607117,Good
22.205390763642058,33.86137880781763,0.1745050030480418,60.73193597369402,Moderate
26.886059375322603,39.675753130353556,0.03862858463429933,91.44427635260533,Moderate
32.827620146171704,30.49616145109259,0.3624399522301358,67.93263841334242,Moderate
24.67124869463506,48.75071861858024,4.4301658142992695,43.07121121730553,Good
22.22400236653401,42.05061043040001,0.5529221063236709,68.98319649092183,Moderate
34.40578534720295,53.934299371910356,0.8747517492021876,99.68848712079915,Moderate
17.75993049791878,41.88951230834469,0.22263530282193345,52.01681995529287,Moderate
14.005970216899591,41.99676446027939,0.5029865293233661,56.573982683523326,Moderate
27.20007225026666,59.727727949264136,1.4647100020383288,89.16912133151719,Moderate
22.489728878236946,31.92571343913414,1.8717254553234797,80.04097462961865,Moderate
19.893835914346433,66.11579980767948,0.5630085598475739,75.93230285733634,Moderate
28.541782236496765,64.09055497564725,0.11893142557536307,70.51287345779933,Moderate
26.219003568855996,56.71218732905626,0.9919819700467516,96.12168315100271,Moderate
22.179606846316357,53.728862804295375,0.5336772835701117,90.48449976408821,Moderate
18.59847800664553,65.69209992558609,0.49577925894404595,83.31744256390068,Moderate
29.362286641400722,37.41320718114858,6.430903523012014,35.62656437061066,Good
28.251005889793305,33.158766487633144,1.9157910963019935,64.00388400129626,Moderate
24.504120681103085,39.580406796381524,1.6278223038618904,64.38347004970824,Moderate
34.23318498023833,61.78313114800761,1.0749385471559503,83.58535214489748,Moderate
19.649576168369236,31.386810669059333,1.120537168926944,78.14815982158106,Moderate
17.372374145376305,53.31227340333959,1.5569962540396327,75.6890582348659,Moderate
21.540459650593778,69.8175006476524,2.38428483384761,59.02029508050697,Moderate
24.77206991822251,64.22784375350157,2.422304336670092,83.30783090200664,Moderate
26.21669724661346,50.857827561743576,0.3767450324524554,79.61329312969907,Moderate
23.79381971071835,32.54563637146569,1.3867454202861678,71.59753162395721,Moderate
26.760276982571483,63.25494057542839,1.0619141333481446,91.71245858995957,Moderate
18.74230287904778,53.95914032708842,4.088565306533237,44.00026450984872,Good
32.2188230203663,34.59731988238267,1.99618913544742,66.14940601059621,Moderate
24.589244108037157,33.75429139293425,1.520729257014458,59.502717673234415,Moderate
30.586479157940637,66.3850727774637,0.24522731358721372,68.3040305906188,Moderate
26.71362673188852,56.76801051752314,1.8609714582654715,74.54945900592304,Moderate
27.283766095768918,63.17147197267022,0.24932205761069548,106.4622798674763,Unhealthy for Sensitive Groups
27.84883640116102,65.15915601129069,0.8225838287374608,60.95846841522288,Moderate
27.238542800086574,52.87089408193289,0.3082659445348505,77.6164037914542,Moderate
28.21361379933772,50.69785407020165,2.355789276632577,73.94264608831419,Moderate
31.645762650662157,47.21709641283961,0.46197878375889284,78.90889834695032,Moderate
25.98260584850735,42.67786351164477,0.9946982593233696,69.68989015597286,Moderate
28.54501878794256,47.38383843434847,4.52048424177426,42.89307608094627,Good
24.551321528563868,60.955186229206255,0.4571072774603071,80.60454767514392,Moderate
32.200586077247365,54.07693724060526,1.417760858989938,67.6669301456963,Moderate
21.61803848970365,65.70093159819385,1.086944413268481,53.18535960818204,Moderate
34.004702164554075,47.73520057516751,0.0365805866331303,93.08593052679896,Moderate
24.799210246778284,54.28358314875016,3.1477372689118486,72.52985192187538,Moderate
17.84612448940976,55.25230212367955,0.143090623058744,75.29990953502582,Moderate
25.640522074553946,53.66788649225302,1.2858780291350485,74.78198372133465,Moderate
21.594741712625595,58.10535092342065,1.6450466418653056,80.74692305116807,Moderate
29.203217744943622,39.497338734992255,1.9800169421281837,68.7941223501094,Moderate
21.736880103488044,50.494551101831625,2.333557192114379,73.38919496933477,Moderate
22.769082833926102,34.16899211233391,0.584109593843989,65.73986907270479,Moderate
15.552296345272346,45.3804531057925,0.020057796729096085,84.4098325064679,Moderate
22.738468403754617,49.50668274485058,2.570681451978797,66.57568902476534,Moderate
12.880603366855217,56.088970381818896,1.5342618257453886,67.53620310530506,Moderate
17.080485882571384,68.02124210344815,3.6172136226257705,48.159936572070954,Good
28.802073280721487,54.026042661934234,3.445082910662892,66.25299342864363,Moderate
28.92900079325416,59.74375664706239,3.7071782729358422,55.53218685112206,Moderate
27.127287808924823,50.25064237980811,1.3275444019965388,65.6182873431372,Moderate
20.165119284353935,55.364161255053254,0.8118155996739768,64.47897373716184,Moderate
24.7614432192901,32.83728864535094,3.1361908516638586,45.88860462593879,Good
24.981987304547157,40.17566323367388,1.2003854120645412,89.78947959222266,Moderate
19.208176554037287,44.47412372820555,0.40531514943085806,84.23314026821005,Moderate
32.51699150883575,48.89973420026054,3.861684754346913,80.82366726420409,Moderate
29.386811452878355,31.82594982009535,4.283653329669396,40.59397382856516,Good
23.89517913085168,35.600963902132705,1.255879352009015,67.0610194751295,Moderate
25.134429194972654,41.07257231165223,0.1574365793759157,61.16672714206145,Moderate
26.04191403973776,68.86130763604203,0.9814777400702991,71.81501183835935,Moderate
14.791325657878547,43.25388028412203,3.2545690344988767,44.91771190751575,Good
23.764113087397014,49.2816423244833,4.640969246999534,65.85754307046145,Moderate
21.590078760011007,37.843908509535716,0.4549878572401702,65.91097586564777,Moderate
19.991899950525422,54.43120284303073,0.13864359120726946,86.31588620907574,Moderate
23.594498535570224,41.22732862063897,4.196848405608286,59.22241472182055,Moderate
33.988432634247616,38.27970313753707,0.9866425748892519,96.58130190498655,Moderate
28.20421430633505,50.66290513783916,1.560728637874271,56.702893273750675,Moderate
22.144105051086015,30.220231966416833,6.8881562410584225,48.289673308043945,Good
27.862913906780793,30.306561305969012,0.13776731471825468,83.7989974755971,Moderate
